{
  "parameters": {
    "nx": 64,
    "ny": 64,
    "dx": 0.0005,
    "frequency": 2000000000.0,
    "total_steps": 100,
    "cpml_thickness": 10,
    "antenna_position": [
      32,
      32
    ],
    "brain_eps_r": 50.0,
    "brain_sigma": 1.5,
    "blood_eps_r": 60.0,
    "blood_sigma": 2.0
  },
  "scenarios": {
    "empty": {
      "s_parameter": 3.4064066158726476,
      "runtime": 0.3313765525817871,
      "signal_real": [
        0.728422655717363,
        0.06308688470370205,
        0.009464180777017828,
        0.06302586974080449,
        0.18511019624250857,
        0.10293952927247618,
        0.006945204940381089,
        0.09314374655449065,
        0.11391244136808676,
        0.11885572007972622,
        0.027174087918692358,
        0.09945178421589107,
        0.11245423856170178,
        0.11733716355004398,
        0.06394394725355101,
        0.0961619833183216,
        0.13404377018995062,
        0.11588768378569703,
        0.100898465549353,
        0.10136465608750478,
        0.15536841631196552,
        0.1290961161274493,
        0.12762731250727266,
        0.12375443248529616,
        0.16971969931537045,
        0.15854337368112903,
        0.14734572568940685,
        0.15858882578318667,
        0.18444953815791942,
        0.1952449229751485,
        0.17161439252095168,
        0.19565378815388135,
        0.21022885232865507,
        0.23069953277786537,
        0.20893900626412298,
        0.23041713031073696,
        0.2506720976655763,
        0.2653096436268787,
        0.25856859530047727,
        0.26782019833982984,
        0.301079133776752,
        0.3069810164497495,
        0.3143098880971342,
        0.31654339698557,
        0.3556518385040883,
        0.3629897890271385,
        0.37301447740929117,
        0.3809083932392694,
        0.4147327893963553,
        0.4341499397726203,
        0.4387435619454383,
        0.4587502868726965,
        0.48494882913539517,
        0.5166932602458374,
        0.5192161563687634,
        0.5464695699938442,
        0.5732411230248768,
        0.6088259745305731,
        0.6193369632829757,
        0.6451200778187705,
        0.6817807905399658,
        0.7146445749682204,
        0.7388940684633756,
        0.7611871610054362,
        0.8089313850139739,
        0.8417772951185469,
        0.8763152114451156,
        0.9020013981648436,
        0.9545359036450449,
        0.9960701485012056,
        1.033867407822319,
        1.0713202812861038,
        1.1235249029654888,
        1.1793320425893512,
        1.218731387178451,
        1.2697999926761483,
        1.3243073822192777,
        1.3922658835639368,
        1.439364951408244,
        1.499414635657775,
        1.5643327116265837,
        1.63904642011871,
        1.7017291733600395,
        1.7670155656337982,
        1.8484299529594708,
        1.929420549238511,
        2.011078153143771,
        2.085436710842991,
        2.1842830141072582,
        2.278417179113056,
        2.3761454983753154,
        2.466129508464455,
        2.571949377786666,
        2.6818853646267797,
        2.780662475901721,
        2.8865193674048655,
        3.0046922216355796,
        3.1330238824166656,
        3.2747477424230738,
        3.4064066158726476
      ],
      "signal_imag": [
        0.0,
        0.0,
        0.0,
        0.0,
        0.0,
        0.0,
        0.0,
        0.0,
        0.0,
        0.0,
        0.0,
        0.0,
        0.0,
        0.0,
        0.0,
        0.0,
        0.0,
        0.0,
        0.0,
        0.0,
        0.0,
        0.0,
        0.0,
        0.0,
        0.0,
        0.0,
        0.0,
        0.0,
        0.0,
        0.0,
        0.0,
        0.0,
        0.0,
        0.0,
        0.0,
        0.0,
        0.0,
        0.0,
        0.0,
        0.0,
        0.0,
        0.0,
        0.0,
        0.0,
        0.0,
        0.0,
        0.0,
        0.0,
        0.0,
        0.0,
        0.0,
        0.0,
        0.0,
        0.0,
        0.0,
        0.0,
        0.0,
        0.0,
        0.0,
        0.0,
        0.0,
        0.0,
        0.0,
        0.0,
        0.0,
        0.0,
        0.0,
        0.0,
        0.0,
        0.0,
        0.0,
        0.0,
        0.0,
        0.0,
        0.0,
        0.0,
        0.0,
        0.0,
        0.0,
        0.0,
        0.0,
        0.0,
        0.0,
        0.0,
        0.0,
        0.0,
        0.0,
        0.0,
        0.0,
        0.0,
        0.0,
        0.0,
        0.0,
        0.0,
        0.0,
        0.0,
        0.0,
        0.0,
        0.0,
        0.0
      ]
    },
    "brain": {
      "s_parameter": 94.57479759430339,
      "runtime": 0.007877111434936523,
      "signal_real": [
        0.728422655717363,
        1.4595644081462025,
        2.1666466264913002,
        2.824554090023854,
        3.411050427316203,
        3.9078263829124866,
        4.301325695272973,
        4.583306795301309,
        4.751114258181899,
        4.8076509783868175,
        4.761059334134235,
        4.624136106581165,
        4.413520628916499,
        4.148707696890355,
        3.8509454913058416,
        3.5420836820303636,
        3.2434377866530593,
        2.9747327858979364,
        2.753182242019091,
        2.5927492405952677,
        2.503623082686865,
        2.491931633462664,
        2.5596945059480043,
        2.7050077644004102,
        2.92243746865271,
        3.20358794686435,
        3.537801829165029,
        3.9129430615441008,
        4.316211599290637,
        4.734939281819795,
        5.157320328485921,
        5.573036583036739,
        5.973746522090018,
        6.353417456243247,
        6.708491542612499,
        7.037887424526279,
        7.342849778433967,
        7.626668120152871,
        7.894293364149266,
        8.151885455982775,
        8.406327698789054,
        8.664743141112112,
        8.934045733830429,
        9.22055420644827,
        9.529690197884314,
        9.865774640492104,
        10.231928329519022,
        10.630074615520819,
        11.061034804093968,
        11.5247006337875,
        12.020263522893151,
        12.546477394035126,
        13.101930924324098,
        13.685306004397662,
        14.295601859179301,
        14.932308402221171,
        15.595517583373159,
        16.285967300941024,
        17.005018409868363,
        17.754570999219403,
        18.536931009460652,
        19.354642058958934,
        20.210299792284786,
        21.106367005468414,
        22.045007220432463,
        23.02795236579798,
        24.05641697515965,
        25.131067127148754,
        26.25204757934634,
        27.41906558164051,
        28.63152509059338,
        29.888700916449643,
        31.189939037617453,
        32.534867157067865,
        33.92359870192996,
        35.35691393043198,
        36.83640355457474,
        38.36456316066314,
        39.94483047743283,
        41.581561903182426,
        43.279949318881684,
        45.0458827296988,
        46.88576835188722,
        48.8063150931641,
        50.814304720875505,
        52.916362209271846,
        55.11874272959592,
        57.42715051147373,
        59.84660246807249,
        62.38134622746861,
        65.03483830021364,
        67.80978383451733,
        70.70823508407523,
        73.73174165553729,
        76.88154210360295,
        80.15878374592003,
        83.56475585777937,
        87.10112078283439,
        90.77012798349978,
        94.57479759430339
      ],