{
  "parameters": {
    "nx": 64,
    "ny": 64,
    "dx": 0.0005,
    "frequency": 2000000000.0,
    "total_steps": 100,
    "cpml_thickness": 10,
    "antenna_position": [
      32,
      32
    ],
    "brain_eps_r": 50.0,
    "brain_sigma": 1.5,
    "blood_eps_r": 60.0,
    "blood_sigma": 2.0
  },
  "scenarios": {
    "empty": {
      "s_parameter": 26.298088660245924,
      "runtime": 164.3755819797516,
      "signal_real": [
        -0.02523127373381695,
        2.5372100989861153,
        -7.549126000965657,
        -26.298088660245924,
        9.123580846256075,
        -0.040960140424298075,
        -0.0028466989233504048,
        3.818836555553235e-07,
        -9.570319841489858e-07,
        1.844711896743273e-06,
        -1.8547388578604127e-06,
        1.432122099454558e-06,
        -7.804180493415107e-07,
        2.421740776712046e-07,
        3.154715369821033e-08,
        -8.012869783829099e-08,
        2.3454704345057405e-08,
        3.69858501486414e-08,
        -5.799429269166206e-08,
        4.410155846527033e-08,
        -1.8237485330367697e-08,
        -1.1923643074425314e-09,
        8.257732981806986e-09,
        -6.349841098486123e-09,
        1.598378674653633e-09,
        1.7508377353765174e-09,
        -2.5404414696321823e-09,
        1.642950930072336e-09,
        -3.9593754918942734e-10,
        -3.7097129248256715e-10,
        5.159400489019782e-10,
        -2.9915359746078595e-10,
        3.2600368482276e-11,
        1.126859944796443e-10,
        -1.2228082841719697e-10,
        6.242610445142512e-11,
        -1.5623563115723655e-12,
        -2.7514327982935504e-11,
        2.629982197217654e-11,
        -1.1607906221054974e-11,
        -1.5188165805420061e-12,
        6.883617890242832e-12,
        -5.7354991762447015e-12,
        2.1418584520991795e-12,
        6.827139940119692e-13,
        -1.6406550500672593e-12,
        1.2132058866122065e-12,
        -3.650346370053697e-13,
        -2.2737478529892753e-13,
        3.8361139122392896e-13,
        -2.5200758915030113e-13,
        5.5756317743029583e-14,
        6.602254428598773e-14,
        -8.788182510311729e-14,
        5.123526630567517e-14,
        -6.725235939131429e-15,
        -1.7714629672381617e-14,
        1.970526205395211e-14,
        -1.011444730393216e-14,
        2.171742955047601e-16,
        4.53929819657491e-15,
        -4.346647263989695e-15,
        1.936884874562623e-15,
        2.258904927282874e-16,
        -1.1185791975434267e-15,
        9.396148542734538e-16,
        -3.5401876432164077e-16,
        -1.0949844415788486e-16,
        2.683351505399911e-16,
        -1.9956828252811354e-16,
        6.082769951571618e-17,
        3.6652901899841116e-17,
        -6.276449367777154e-17,
        4.149214019040442e-17,
        -9.370115890322983e-18,
        -1.0688267233429009e-17,
        1.4384548813268438e-17,
        -8.438874589974557e-18,
        1.147983515427671e-18,
        2.881564295131752e-18,
        -3.2316556345718932e-18,
        1.6705158229331798e-18,
        -4.7047159491158254e-20,
        -7.38981729097389e-19,
        7.128899028528031e-19,
        -3.201351374447626e-19,
        -3.482242988411199e-20,
        1.8258511717213616e-19,
        -1.54345064708504e-19,
        5.869918160935128e-20,
        1.742663808152083e-20,
        -4.385757099155746e-20,
        3.2892472919977295e-20,
        -1.012501545590652e-20,
        -5.908347071859976e-21,
        1.0410397210101933e-20,
        -6.975888149627269e-21,
        1.5995181003621526e-21,
        1.8000476784290373e-21,
        -2.4089916254922273e-21
      ],
      "signal_imag": [
        0.0,
        0.0,
        0.0,
        0.0,
        0.0,
        0.0,
        0.0,
        0.0,
        0.0,
        0.0,
        0.0,
        0.0,
        0.0,
        0.0,
        0.0,
        0.0,
        0.0,
        0.0,
        0.0,
        0.0,
        0.0,
        0.0,
        0.0,
        0.0,
        0.0,
        0.0,
        0.0,
        0.0,
        0.0,
        0.0,
        0.0,
        0.0,
        0.0,
        0.0,
        0.0,
        0.0,
        0.0,
        0.0,
        0.0,
        0.0,
        0.0,
        0.0,
        0.0,
        0.0,
        0.0,
        0.0,
        0.0,
        0.0,
        0.0,
        0.0,
        0.0,
        0.0,
        0.0,
        0.0,
        0.0,
        0.0,
        0.0,
        0.0,
        0.0,
        0.0,
        0.0,
        0.0,
        0.0,
        0.0,
        0.0,
        0.0,
        0.0,
        0.0,
        0.0,
        0.0,
        0.0,
        0.0,
        0.0,
        0.0,
        0.0,
        0.0,
        0.0,
        0.0,
        0.0,
        0.0,
        0.0,
        0.0,
        0.0,
        0.0,
        0.0,
        0.0,
        0.0,
        0.0,
        0.0,
        0.0,
        0.0,
        0.0,
        0.0,
        0.0,
        0.0,
        0.0,
        0.0,
        0.0,
        0.0,
        0.0
      ]
    },
    "brain": {
      "s_parameter": 24.74735138318213,
      "runtime": 171.80729627609253,