{
  "sample_id": 21,
  "include_hemorrhage": true,
  "hemorrhage_params": {
    "cx": 4.123418180233809,
    "cy": -0.49958335584299707,
    "rx": 0.9909590516295731,
    "ry": 0.9909590516295731,
    "angle": 3.0104828249429354
  },
  "snr_db": 53.51964369843414,
  "simulator": "neurowave_gpu_optimized"
}