{
  "sample_id": 29,
  "include_hemorrhage": true,
  "hemorrhage_params": {
    "cx": 1.6321633097602333,
    "cy": 0.2138111696011215,
    "rx": 0.9391989316164019,
    "ry": 0.9391989316164019,
    "angle": 0.07367648432527932
  },
  "snr_db": 44.76423477290502,
  "simulator": "neurowave_gpu_optimized"
}